NAME,android.permission.ACCESS_WIFI_STATE,android.permission.CAMERA,android.permission.CHANGE_NETWORK_STATE,android.permission.CHANGE_WIFI_STATE,android.permission.DISABLE_KEYGUARD,android.permission.GET_TASKS,android.permission.INSTALL_PACKAGES,android.permission.READ_CALL_LOG,android.permission.READ_CONTACTS,android.permission.READ_EXTERNAL_STORAGE,android.permission.READ_HISTORY_BOOKMARKS,android.permission.READ_LOGS,android.permission.READ_PHONE_STATE,android.permission.READ_SMS,android.permission.RECEIVE_BOOT_COMPLETED,android.permission.RESTART_PACKAGES,android.permission.SEND_SMS,android.permission.SET_WALLPAPER,android.permission.SYSTEM_ALERT_WINDOW,android.permission.WRITE_APN_SETTINGS,android.permission.WRITE_CONTACTS,CLASS
a.SurlyProjectFinal.apk,0,0,0,0,0,0,0,0,0,1,0,0,1,0,0,0,0,0,0,0,0,0
ae.gov.dha.dha.apk,0,0,0,0,0,0,0,0,0,0,0,0,1,0,0,0,0,0,0,0,0,0
aero.zztrop.apk,0,0,0,0,0,0,0,0,0,0,0,0,0,0,0,0,0,0,0,0,0,0
com.kodarkooperativet.notificationstopwatch_6_apps.evozi.com.apk,0,0,0,0,0,0,0,0,0,0,0,0,0,0,0,0,0,0,0,0,0,0
com.labs.quantative.screenfilter_18_apps.evozi.com.apk,0,0,0,0,0,0,0,0,0,0,0,0,0,0,0,0,0,0,1,0,0,0
com.larvalabs.gurk_5_apps.evozi.com.apk,0,0,0,0,0,0,0,0,0,0,0,0,0,0,0,0,0,0,0,0,0,0
com.magmamobile.app.apkinstaller_6_apps.evozi.com.apk,0,0,0,0,0,0,0,0,0,0,0,0,0,0,0,0,0,0,0,0,0,0
com.myskyspark.music_991_apps.evozi.com.apk,0,0,0,0,0,0,0,0,0,1,0,0,0,0,0,0,0,0,0,0,0,0
com.nabin.lrrh_0_apps.evozi.com.apk,0,0,0,0,0,0,0,0,0,0,0,0,0,0,0,0,0,0,0,0,0,0
com.smalltinyapps.floatingassistant_11_apps.evozi.com.apk,0,1,0,0,1,0,0,0,0,0,0,0,1,0,1,0,0,0,1,0,0,0
com.smalltinyapps.hazydays_21_apps.evozi.com.apk,0,0,0,0,1,0,0,0,0,0,0,0,0,0,1,0,0,0,0,0,0,0
com.smalltinyapps.keyboardswitcherfree_9_apps.evozi.com.apk,0,0,0,0,1,0,0,0,0,0,0,0,0,0,0,0,0,0,1,0,0,0
com.smalltinyapps.screenshotprocess_4_apps.evozi.com.apk,0,0,0,0,1,0,0,0,0,0,0,0,0,0,1,0,0,0,0,0,0,0
com.smalltinyapps.sghaze_17_apps.evozi.com.apk,0,0,0,0,1,0,0,0,0,0,0,0,0,0,1,0,0,0,0,0,0,0
com.smalltinyapps.swipelock_8_apps.evozi.com.apk,0,0,0,0,1,0,0,0,0,0,0,0,1,0,1,0,0,0,1,0,0,0
com.tecdrop.rgbwallpaper_3_apps.evozi.com.apk,0,0,0,0,0,0,0,0,0,0,0,0,0,0,0,0,0,1,0,0,0,0
com.trianguloy.openInWhatsapp_147_apps.evozi.com.apk,0,0,0,0,0,0,0,0,0,0,0,0,0,0,0,0,0,0,0,0,0,0
d.android.wallpaper.simpleblack_3_apps.evozi.com.apk,0,0,0,0,0,0,0,0,0,0,0,0,0,0,0,0,0,0,0,0,0,0
eu.xrisima.screentorch_4407_apps.evozi.com.apk,0,0,0,0,0,0,0,0,0,0,0,0,0,0,0,0,0,0,0,0,0,0
Agent.apk,0,0,0,0,0,0,0,0,0,0,0,0,1,0,1,0,1,0,0,0,0,1
BadNews.A.apk,1,0,0,0,0,0,0,0,0,0,0,0,1,0,1,0,0,0,1,0,0,1
Blatantsms.apk,1,1,1,1,0,0,0,0,1,0,0,0,1,0,0,0,1,0,0,0,0,1
